catid,cubeidpub,observation_count,sigma_re,sigma_re_err,sigma_relative_error,selected_best_observation
15165,15165_A,2,180.07,2.1366076,0.011865427889154219,True
16926,16926_A,2,121.8342,1.5057082,0.012358666121663704,True
17390,17390_A,3,200.43686,1.8745421,0.009352282309750812,True
30361,30361_C,3,304.32584,2.081595,0.00684002055165608,True
39057,39057_C,3,129.30246,0.77656317,0.006005788056932559,True
56140,56140_A,4,249.21362,1.412665,0.005668490349764993,True
79706,79706_C,3,55.26873,3.9828944,0.07206415635025448,True
79810,79810_A,3,75.35465,1.1502255,0.015264160871293276,True
93807,93807_A,3,143.45558,0.99020135,0.0069024944864466056,True
106016,106016_A,2,137.87242,3.7341244,0.027083911343544993,True
144498,144498_A,4,81.42801,1.5908735,0.019537177686154924,True
184042,184042_A,2,285.887,1.6909072,0.005914599824406147,True
184046,184046_A,2,257.07245,2.369545,0.00921742100330082,True
205089,205089_B,2,127.506165,1.6272578,0.012762189185126853,True
227611,227611_A,2,227.14713,1.5732776,0.006926249079176126,True
238214,238214_A,3,80.27253,1.808933,0.022534894564803176,True
238458,238458_A,2,242.34717,2.056837,0.008487150891838349,True
238500,238500_A,2,112.980125,1.4800851,0.013100402393783862,True
239292,239292_A,2,97.77622,1.9842148,0.020293429220315535,True
319060,319060_A,3,136.06584,1.2937984,0.009508620238555098,True
319231,319231_A,2,72.58509,0.9564964,0.013177587848964575,True
347432,347432_A,2,241.02095,1.4513084,0.0060215031099993595,True
493838,493838_A,2,168.8642,1.2627723,0.007478034420558057,True
506119,506119_A,2,224.29901,2.3306265,0.01039071237987185,True
534760,534760_C,3,146.55484,1.277324,0.008715672576900223,True
545903,545903_A,3,181.27702,1.2628849,0.006966602275346318,True
618930,618930_B,2,193.03978,2.477614,0.012834732820354437,True
618937,618937_B,2,115.35216,1.8226022,0.015800330050169845,True
618941,618941_B,2,145.79314,1.7935889,0.012302285964895195,True
9008500007,9008500007_A,2,265.05737,1.8089322,0.006824681766064457,True
9008500239,9008500239_A,2,227.69823,1.5112528,0.0066370862874076805,True
9008500251,9008500251_A,2,106.86585,1.3859304,0.01296888014272099,True
9011900086,9011900086_A,2,113.97925,1.7248895,0.015133364186902441,True
9011900097,9011900097_A,2,99.77121,2.0566235,0.020613396389599768,True
9011900312,9011900312_A,2,113.609634,1.4477085,0.012742832179179453,True
9011900321,9011900321_A,2,132.11569,1.1789566,0.008923668339468234,True
9016800014,9016800014_A,2,154.45207,1.0527903,0.006816291293473763,True
9016800038,9016800038_A,2,103.52435,1.8313026,0.017689583175359225,True
9016800087,9016800087_A,2,242.04378,1.3642123,0.005636221265425618,True
9016800259,9016800259_A,2,91.3219,2.329547,0.025509182353849403,True
9091700107,9091700107_A,2,147.2433,1.4891883,0.01011379329314135,True
9239900202,9239900202_A,2,78.23793,1.9730574,0.025218681015717056,True
9239900242,9239900242_A,2,126.49092,1.3477979,0.010655293676415666,True
9388000043,9388000043_A,2,99.76577,3.3090618,0.033168308128128515,True
9388000044,9388000044_A,2,86.49306,1.3989655,0.016174309245157937,True
9388000051,9388000051_A,2,128.63922,1.8005837,0.013997159653175759,True
9388000058,9388000058_A,2,205.34892,1.4717417,0.007167029171616778,True
9388000068,9388000068_A,2,229.88217,1.3175347,0.005731347933595719,True
9388000073,9388000073_A,2,223.4494,2.4537096,0.010981052533593735,True
9388000195,9388000195_A,2,111.178535,1.6531932,0.014869715633507854,True
9388000200,9388000200_A,2,80.8775,1.6380079,0.020252949213316437,True
9388000256,9388000256_A,2,146.33943,1.5584813,0.01064977019522353,True
9403800798,9403800798_B,2,53.153522,1.476446,0.02777701165315066,True
