column,missing_n,missing_percent
lambdar_max_mge,3125,91.214
lambdar_max_mge_err,3125,91.214
vsigma_max_mge_err,3125,91.214
vsigma_max_mge,3125,91.214
lambdar_max_err,2989,87.245
lambdar_max,2989,87.245
vsigma_max,2989,87.245
vsigma_max_err,2989,87.245
is_mem,2464,71.921
r_on_rtwo,2464,71.921
v_on_sigma,2464,71.921
mean_k51_re_mge,1713,50.0
mean_k51_re_mge_err,1713,50.0
mean_k51_re_err,1707,49.825
mean_k51_re,1707,49.825
lambdar_re_mge,1593,46.497
vsigma_re_mge,1593,46.497
vsigma_re_mge_err,1593,46.497
lambdar_re_mge_err,1593,46.497
aper_corr_flag_mge,1536,44.834
rmax_aper_corr_mge,1536,44.834
lambdar_re,1496,43.666
lambdar_re_err,1496,43.666
vsigma_re,1496,43.666
vsigma_re_err,1496,43.666
rmax_aper_corr,1468,42.849
aper_corr_flag,1468,42.849
sigma_re_err,1175,34.297
sigma_re,1175,34.297
sigma_re_mge,1049,30.619
sigma_re_mge_err,1049,30.619
ra_ifu,1034,30.181
a_g,1034,30.181
z_tonry,1034,30.181
dec_ifu,1034,30.181
sigma_1_4_arcsecond_err,1019,29.743
sigma_1_4_arcsecond,1019,29.743
sigma_2_arcsecond,879,25.657
sigma_2_arcsecond_err,879,25.657
sigma_3_arcsecond,801,23.38
sigma_3_arcsecond_err,801,23.38
sigma_3kpc_round_err,799,23.322
sigma_3kpc_round,799,23.322
sigma_4_arcsecond_err,775,22.621
sigma_4_arcsecond,775,22.621
pa_stelkin_err,611,17.834
pa_stelkin,611,17.834
mu_2re,109,3.182
pa,105,3.065
ellip,105,3.065
r_e,105,3.065
mu_1re,105,3.065
mu_within_1re,105,3.065
m_r,100,2.919
mstar,72,2.102
g_i,72,2.102
surv_sami,72,2.102
z_spec,72,2.102
sample_origin,72,2.102
r_auto,72,2.102
r_petro,72,2.102
dec_obj,72,2.102
ra_obj,72,2.102
bad_class,72,2.102
flag_finite_sigma_re,0,0.0
flag_finite_sigma_re_err,0,0.0
flag_finite_mstar,0,0.0
flag_morphology_match,0,0.0
flag_main_input_match,0,0.0
flag_finite_m_r,0,0.0
cubeid,0,0.0
flag_repeated_catid,0,0.0
type,0,0.0
observation_count,0,0.0
cubeidpub,0,0.0
catid,0,0.0
cubename,0,0.0
flag_positive_sigma_re,0,0.0
